Name	Link	Followers
nanoca	https://soundcloud.com/nancy-ahmed-156247757	8  
Playback	https://soundcloud.com/playback	9,514  
R√∂ R√∂	https://soundcloud.com/r-r-977147604	1 follower
Moataz Magdy	https://soundcloud.com/moataz-magdy-748710403	3  
Nosa Nonos	https://soundcloud.com/nosa-nonos-905725330	1 follower
lilly	https://soundcloud.com/user-38959736	21  
user141472899	https://soundcloud.com/user141472899	3  
Built By Titan	https://soundcloud.com/builtbytitan	1,218,704  
User 876156299	https://soundcloud.com/fsidc8sp5tk2	116  
Maria Eduarda	https://soundcloud.com/maria-eduarda-998249723	3  
FM Playlist ‚ú™	https://soundcloud.com/fifa-music-1	46,809  
Azto	https://soundcloud.com/user-103590238	7  
AlexHorne BreaksTheNews	https://soundcloud.com/alexhorne	121,619  
FM Playlist ‚ú™	https://soundcloud.com/fifa-music-1	46,809  
Ahmed Hashim	https://soundcloud.com/ahmed-hashim-261762856	None
Stainesy_Ray	https://soundcloud.com/stainesy_ray	6  
DOM KENNEDY	https://soundcloud.com/theoriginaldomkennedy	109,422  
Jordan2890	https://soundcloud.com/user-414171099	None
Total Treble Music	https://soundcloud.com/totaltreblemusic	103,976  
Islam Mohamed Mohamed	https://soundcloud.com/islam-mohamed-mohamed-466841980	1 follower
lilly	https://soundcloud.com/user-38959736	21  
FM Playlist ‚ú™	https://soundcloud.com/fifa-music-1	46,809  
Lianne La Havas	https://soundcloud.com/liannelahavas	4,634,296  
Becky Felion	https://soundcloud.com/becky-felion	2  
user141472899	https://soundcloud.com/user141472899	3  
Khamis Nadyne	https://soundcloud.com/nadyne-khamis	499  
Jay The Icon	https://soundcloud.com/jaytheiconmusic	252  
Erianti Dwifa	https://soundcloud.com/erianti-dwifa	7  
Mhmad Fouad	https://soundcloud.com/medo-medo-429283229	19  
Built By Titan	https://soundcloud.com/builtbytitan	1,218,704  
User 876156299	https://soundcloud.com/fsidc8sp5tk2	116  
Sahar Kamal	https://soundcloud.com/sahar-kamal-938616511	2  
Maria Eduarda	https://soundcloud.com/maria-eduarda-998249723	3  
FM Playlist ‚ú™	https://soundcloud.com/fifa-music-1	46,809  
Azto	https://soundcloud.com/user-103590238	7  
PrepAgent	https://soundcloud.com/prepagent	5,071  
AlexHorne BreaksTheNews	https://soundcloud.com/alexhorne	121,619  
nambu	https://soundcloud.com/aidan-reynolds	6  
Asekuro	https://soundcloud.com/asekuro	645  
Def Jam Recordings	https://soundcloud.com/defjam	8,503,789  
mostafa ahmed	https://soundcloud.com/mostafa-ahmed-361677630	1 follower
MonMon Madht	https://soundcloud.com/monmon-madht	None
FM Playlist ‚ú™	https://soundcloud.com/fifa-music-1	46,809  
Ahmed Hashim	https://soundcloud.com/ahmed-hashim-261762856	None
Stainesy_Ray	https://soundcloud.com/stainesy_ray	6  
MrBumbry	https://soundcloud.com/adrian-pattrick	2  
Alyssa Faith Watson	https://soundcloud.com/alyssa-faith-watson	13  
DOM KENNEDY	https://soundcloud.com/theoriginaldomkennedy	109,422  
Jordan2890	https://soundcloud.com/user-414171099	None
lonesomejupiter	https://soundcloud.com/butterxly	14,999  
Emmanuel Piolet	https://soundcloud.com/emmanuel-piolet	109  
Emmanuel Piolet	https://soundcloud.com/emmanuel-piolet	109  
Emmanuel Piolet	https://soundcloud.com/emmanuel-piolet	109  
Emmanuel Piolet	https://soundcloud.com/emmanuel-piolet	109  
Emmanuel Piolet	https://soundcloud.com/emmanuel-piolet	109  
Total Treble Music	https://soundcloud.com/totaltreblemusic	103,976  
Islam Mohamed Mohamed	https://soundcloud.com/islam-mohamed-mohamed-466841980	1 follower
Sebastian Ingrosso	https://soundcloud.com/ingrosso	3,390,832  
Ae Dil Hai Mushkil	https://soundcloud.com/aedilhai	17,775  
Muzic	https://soundcloud.com/user-698574	3  
Muzic	https://soundcloud.com/user-698574	3  
Sebastian Ingrosso	https://soundcloud.com/ingrosso	3,390,832  
FM Playlist ‚ú™	https://soundcloud.com/fifa-music-1	46,809  
theartistunion.com	https://soundcloud.com/theartistunion	2,905,717  
bast boy arshad abbasi	https://soundcloud.com/bast-boy-arshad-abbasi	None
MonMon Madht	https://soundcloud.com/monmon-madht	None
theartistunion.com	https://soundcloud.com/theartistunion	2,905,717  
Mohamed Amr	https://soundcloud.com/mohamedamr10	699  
FM Playlist ‚ú™	https://soundcloud.com/fifa-music-1	46,809  
Americarnage	https://soundcloud.com/americarnage	831,747  
Torothedj	https://soundcloud.com/torothedj	20  
Angela Whitear	https://soundcloud.com/angela-whitear	8  
Popular Songs	https://soundcloud.com/man-tra-2	3,197  
Atevion Lloyd	https://soundcloud.com/atevion-lloyd	4  
JanellaSalvador	https://soundcloud.com/janellasalvador	41,722  
EDM Chicago	https://soundcloud.com/livesets2015	73,373  
stormsurge11	https://soundcloud.com/stormsurge11	43  
Mayer Hawthorne	https://soundcloud.com/mayerhawthorne	5,179,038  
Alex_C_Carter	https://soundcloud.com/alex-carter-36	34  
Def Jam Recordings	https://soundcloud.com/defjam	8,503,789  
alex pereira	https://soundcloud.com/alex-pereira-199849136	4  
KingTenny	https://soundcloud.com/kingtenny	589  
Aya	https://soundcloud.com/aya-a-badawii	4  
A.K.M.A	https://soundcloud.com/user-425312443	3  
Tooth & Nail Records	https://soundcloud.com/tooth-and-nail-records	4,023,583  
Visha Khan	https://soundcloud.com/visha-khan	177  
Atmasfera	https://soundcloud.com/atmasfera	9,377  
Bido Lito!	https://soundcloud.com/bido-lito	721,308  
Sammy Porter	https://soundcloud.com/iamsammyporter	141,794  
Sammy Porter	https://soundcloud.com/iamsammyporter	141,794  
Sammy Porter	https://soundcloud.com/iamsammyporter	141,794  
Sammy Porter	https://soundcloud.com/iamsammyporter	141,794  
Sammy Porter	https://soundcloud.com/iamsammyporter	141,794  
Jason Filemon	https://soundcloud.com/jason-filemon	7  
Emily Tressa	https://soundcloud.com/emily-tressa	177  
Sammy Porter	https://soundcloud.com/iamsammyporter	141,794  
Sammy Porter	https://soundcloud.com/iamsammyporter	141,794  
3sUP	https://soundcloud.com/3sup	6,187  
Def Jam Recordings	https://soundcloud.com/defjam	8,503,789  
David Deorzo	https://soundcloud.com/daviddeorzo	185  
A7MED	https://soundcloud.com/a7meedmoahmed	34  
Americarnage	https://soundcloud.com/americarnage	831,747  
Luis7777	https://soundcloud.com/luis-aceituno-309209086	3  
Hagar Hesham	https://soundcloud.com/hagar-hesham-204264335	8  
Plastic Inevitable Reload	https://soundcloud.com/user-329138739	583  
user744646727	https://soundcloud.com/user744646727	18  
Ale Morales	https://soundcloud.com/ale-morales-145470944	3  
user739059301	https://soundcloud.com/user739059301	47  
Fastmoney Maker	https://soundcloud.com/fastmoney-maker	1 follower
ODESZA	https://soundcloud.com/odesza	750,368  
P+P Media.	https://soundcloud.com/paperandplastick	2,583,182  
Naqaa Studio	https://soundcloud.com/naqaastudio	5,363  
‚òÜ LiL PEEP ENERGY ‚òÜ	https://soundcloud.com/lilpeepenergy	333  
AFT Records	https://soundcloud.com/aftrecords	1,996  
Fool's Gold Records	https://soundcloud.com/foolsgoldrecs	7,927,775  
AmrDiab	https://soundcloud.com/amrdiab	510,855  
Autant en Emporte le ZEvent	https://soundcloud.com/user-694180239	4,174  
Hager Ebrahem	https://soundcloud.com/hager-ebrahem-341052245	4  
Austin Mahone	https://soundcloud.com/austinmahone	110,308  
Kamaiyah	https://soundcloud.com/kamaiyah	41,659  
Relax-Meditation Music :)	https://soundcloud.com/relaxmeditation	24,000  
carla goulding	https://soundcloud.com/user111774321	99  
alyanna	https://soundcloud.com/alyvnna	485  
Bido Lito!	https://soundcloud.com/bido-lito	721,308  
Bido Lito!	https://soundcloud.com/bido-lito	721,308  
Bido Lito!	https://soundcloud.com/bido-lito	721,308  
Adamlar	https://soundcloud.com/adamlar	18,491  
P+P Media.	https://soundcloud.com/paperandplastick	2,583,182  
JR Jea	https://soundcloud.com/jr-jea	12  
Antonio Jes√∫s Le√≥n	https://soundcloud.com/antonio-jesus-fuentes-leon	6  
erinstuck	https://soundcloud.com/user421101051	5  
Ty Dolla $ign	https://soundcloud.com/tydollasign	419,952  
user344154663	https://soundcloud.com/uwsyjrbvqgoq	15  
Dan Dansen 1	https://soundcloud.com/dan-dansen-1	38  
Drumcode Radio Live	https://soundcloud.com/drumcoderadio	92,401  
A-Trak	https://soundcloud.com/a-trak	5,808,431  
Ali-A	https://soundcloud.com/omgitsalia-2	30,377  
nambu	https://soundcloud.com/aidan-reynolds	6  
merlinsen	https://soundcloud.com/seraphin-jaenike	16  
chavicha	https://soundcloud.com/chavicha	6  
Mona Fekry	https://soundcloud.com/mona-fekry-5	1 follower
Arbonne Training On Demand	https://soundcloud.com/arbonneinternationaltrainingondemand	19,209  
Sherif Husssein	https://soundcloud.com/sherif-hussein-10	45  
abcnewsradio	https://soundcloud.com/abcnewsradio	30,298  
Reem Ali	https://soundcloud.com/reem-ali-114	16  
Christelle Saintjean	https://soundcloud.com/christelle-saintjean	18  
Afraz Irfan	https://soundcloud.com/afraz-irfan-869519840	3  
Totti	https://soundcloud.com/hattem-totti	None
Fraser McC	https://soundcloud.com/fraser-mcconnachie	42  
steveangello	https://soundcloud.com/steveangello	3,398,517  
Aby	https://soundcloud.com/abii-alegria	1 follower
ahmed ayman	https://soundcloud.com/ahmed-ayman-448411460	2  
Victor Hugo	https://soundcloud.com/victor-hugo-1588788	2  
ramos adam	https://soundcloud.com/ramos-adam	1 follower
Youssief Amro	https://soundcloud.com/youssief-amro	9  
Ana Lapuaho	https://soundcloud.com/ana-lapuaho	60  
Stainesy_Ray	https://soundcloud.com/stainesy_ray	6  
Austin Mahone	https://soundcloud.com/austinmahoneofficial	27,120  
Tinashe	https://soundcloud.com/tinashenow	166,598  
Mido Capo	https://soundcloud.com/mido-capo-92523703	6  
Maelys James	https://soundcloud.com/maelys-james	3  
merlinsen	https://soundcloud.com/seraphin-jaenike	16  
Gio L	https://soundcloud.com/user-843786481-471753998	5  
MMason	https://soundcloud.com/user-589309976	6  
SAvHER	https://soundcloud.com/andika-rheanz-vhelinerzjunior	10  
Jessica Laube	https://soundcloud.com/jessica-laube-593406032	4  
JULIET2384	https://soundcloud.com/juliet-duncan-723134998	1 follower
MMason	https://soundcloud.com/user-589309976	6  
Heriadi Sihotang	https://soundcloud.com/heriadi-sihotang	22  
MMason	https://soundcloud.com/user-589309976	6  
MMason	https://soundcloud.com/user-589309976	6  
NPR	https://soundcloud.com/npr	246,725  
MMason	https://soundcloud.com/user-589309976	6  
spinthebluemarble	https://soundcloud.com/spin-bluemarble	28  
Relax-Meditation Music :)	https://soundcloud.com/relaxmeditation	24,000  
Hisham Helmy	https://soundcloud.com/etch-etch	10  
Danny Upton	https://soundcloud.com/dannyupton	72  
Fajar Shidiiq	https://soundcloud.com/fajar-shidiiq	1 follower
1PointOfYou	https://soundcloud.com/1pointofyou	129  
hlnvsksf	https://soundcloud.com/user-873532839	1 follower
Curb Records	https://soundcloud.com/curbrecords	3,170,218  
Stones Throw Records	https://soundcloud.com/stonesthrow	248,138  
User 101682266	https://soundcloud.com/tb3dvuqu1ugs	4,685  
FM Playlist ‚ú™	https://soundcloud.com/fifa-music-1	46,809  
user804630697	https://soundcloud.com/user804630697	4  
Jocelyn Yang 1	https://soundcloud.com/jocelyn-yang-2	10  
Moments	https://soundcloud.com/playlist	20,369  
Fool's Gold Records	https://soundcloud.com/foolsgoldrecs	7,927,774  
John Frusciante / Trickfinger	https://soundcloud.com/jftrickfinger	33,565  
Alok	https://soundcloud.com/livealok	604,053  
Sabrina Claudio	https://soundcloud.com/sabrina-claudio	122,577  
axelcastaneda	https://soundcloud.com/jesus-axel-montano-castaneda	1 follower
adambeyer	https://soundcloud.com/adambeyer	508,047  
Americarnage	https://soundcloud.com/americarnage	831,747  
Colin Baker 17	https://soundcloud.com/colin-baker-18	6  
AmrNagy	https://soundcloud.com/amrnagy-2	2  
User 320784651	https://soundcloud.com/hrtk50mxbtfb	2  
Diogo Guedes	https://soundcloud.com/diogo-guedes-522166598	9  
Emmy Delp	https://soundcloud.com/emmydelp	11  
user266292392	https://soundcloud.com/user266292392	176  
Billie Kihega	https://soundcloud.com/billie-kihega	1,352  
Mohamed Bebeto	https://soundcloud.com/mohamed-bebeto-170185065	5  
Amro Atef Soliman	https://soundcloud.com/amro-atef-soliman	39  
joaopaulo1989	https://soundcloud.com/joaopaulo1989	19  
Bob Bulder	https://soundcloud.com/bob-bulder	5  
Felix Vu	https://soundcloud.com/felix-vu-1	5  
User 839046869	https://soundcloud.com/user-839046869	1 follower
Michael Magdy	https://soundcloud.com/michael-magdy-317962815	664  
mamadelrey	https://soundcloud.com/mamadelrey	None
Brian's House	https://soundcloud.com/brians-house-1	107,269  
sara ahmed	https://soundcloud.com/omima-esmat	4  
Wawan Hermawan	https://soundcloud.com/wawan-hermawan-526037435	2  
lolovvveee2	https://soundcloud.com/lolollov2	4,883  
user463279684	https://soundcloud.com/user463279684	4  
oftherose2	https://soundcloud.com/oftherose02	2  
User 769981998	https://soundcloud.com/user-769981998	2  
Lager	https://soundcloud.com/itzlager	685  
myluga	https://soundcloud.com/myluga	38  
Castleford tunes	https://soundcloud.com/user-942687271	3  
max_lonsdale	https://soundcloud.com/max_lonsdale	505  
islam	https://soundcloud.com/user-456129583	2  
Cathy Morgan 4	https://soundcloud.com/cathy-morgan-3	26  
Lis Sara Almeida Santos	https://soundcloud.com/lis-sara-almeida-santos	2  
Ghenta Thea	https://soundcloud.com/ghenta-thea	30  
relaxdaily	https://soundcloud.com/relaxdaily	96,487  
Hardwired PR	https://soundcloud.com/hardwired-pr	1,229  
User 449735795	https://soundcloud.com/user-449735795	12  
A. G. Cook	https://soundcloud.com/agcook	34,308  
Unreleased	https://soundcloud.com/user-282741788	1,061  
dogblood	https://soundcloud.com/dogblood	77,567  
Ramez Adel	https://soundcloud.com/ramez-adel-17	17  
Jasil sha	https://soundcloud.com/user-693938217	11  
Rosianny Paz	https://soundcloud.com/rosianny-paz	39  
Austin24heck	https://soundcloud.com/austin24heck	1,973  
Ejmi Namirik	https://soundcloud.com/ejmi-namirik	2  
Ella Eyre	https://soundcloud.com/ellaeyre	5,574,149  
TriCon Sound	https://soundcloud.com/triconsound	1,359,122  
user350509423	https://soundcloud.com/user350509423	90  
Courtney Mccann	https://soundcloud.com/courtney-mccann	243  
B.o.B	https://soundcloud.com/bobatl	8,050,802  
Electric Flight Crew	https://soundcloud.com/electric-flight-crew	3,913  
Electric Flight Crew	https://soundcloud.com/electric-flight-crew	3,913  
OFWGKTA Official	https://soundcloud.com/ofwgkta-official	1,144,464  
Malak Mohammed shalaby	https://soundcloud.com/koky-mohamed-151318445	4  
SKYN	https://soundcloud.com/skyn_me_alyv	883  
Electro Pos√©	https://soundcloud.com/electropose	112,043  
Electric Flight Crew	https://soundcloud.com/electric-flight-crew	3,913  
RenRelentless	https://soundcloud.com/user-741626190	11  
Equonoux IAG	https://soundcloud.com/user-719854008	109  
neongoldrecords	https://soundcloud.com/neongoldrecords	4,758,019  
RenRelentless	https://soundcloud.com/user-741626190	11  
user555175356	https://soundcloud.com/user555175356	15  
DMX	https://soundcloud.com/dmx-music	60,072  
Indiemono	https://soundcloud.com/user-961145082	3,470  
Can Eraslan	https://soundcloud.com/can-eraslan-809680926	4  
Easy Star All-Stars	https://soundcloud.com/easystarallstars	2,708,278  
User 594016037	https://soundcloud.com/user-594016037	None
SoundCloud	https://soundcloud.com/soundcloud	748,747  
–ï–≥–æ—Ä –õ–∏—Ç–≤–∏–Ω–µ–Ω–∫–æ	https://soundcloud.com/bznm5wwxh1zu	1 follower
Ear Biscuits	https://soundcloud.com/earbiscuits	705,781  
Maria Eduarda	https://soundcloud.com/duda-lima-242208325	3  
Braulio Castaneda	https://soundcloud.com/braulio-castaneda	71  
EDEN	https://soundcloud.com/iameden	256,212  
WTF	https://soundcloud.com/user-729654296	1 follower
Christopher Ortiz	https://soundcloud.com/christopher-ortiz-581501815	4  
User 403618869	https://soundcloud.com/p9eujyop85jx	2  
andrewpellett	https://soundcloud.com/andrewpellett-1	94  
ddtt882	https://soundcloud.com/ddtt882	1 follower
SKŒõSH	https://soundcloud.com/scott-asher	1,688  
E-DUBBLE	https://soundcloud.com/edubble	75,608  
Leonardo Miasato	https://soundcloud.com/leonardo-miasato-734964020	14  
Nav Hir	https://soundcloud.com/nav-hir	22  
ALEX	https://soundcloud.com/alexvr46	118  
Dina Tantawy	https://soundcloud.com/dina-tantawy-720922202	15  
Thor Elias Engelstad	https://soundcloud.com/thor-elias-engelstad	11  
De_Woods	https://soundcloud.com/de_woods	48  
User 737817545	https://soundcloud.com/user-737817545	11  
Stainesy_Ray	https://soundcloud.com/stainesy_ray	6  
Sara leblue	https://soundcloud.com/sara-amarneh	83  
MarcosWitt	https://soundcloud.com/marcoswitt	9,177  
koma	https://soundcloud.com/komabby	238  
Nabil Nagi	https://soundcloud.com/nabil-nagi-4	10  
FionaMorrisx	https://soundcloud.com/fionamorrisx	15  
wilson_9798	https://soundcloud.com/wilson_9798	15  
Esraa Mohmed	https://soundcloud.com/esraa-mohmed-934099008	None
brian.fisher	https://soundcloud.com/brian_fisher	81  
Stainesy_Ray	https://soundcloud.com/stainesy_ray	6  
heyclairedelila	https://soundcloud.com/heyclairedelila	14  
Oscar Jimenez Fabregas	https://soundcloud.com/oscar-jimenez-fabregas	46  
Stainesy_Ray	https://soundcloud.com/stainesy_ray	6  
heyclairedelila	https://soundcloud.com/heyclairedelila	14  
Stainesy_Ray	https://soundcloud.com/stainesy_ray	6  
Mohamed Tarek	https://soundcloud.com/mohamed-tarek-150815460	1 follower
Barney N Sonia Barnes	https://soundcloud.com/barney-n-sonia-barnes	5  
Ritesh Patel	https://soundcloud.com/ritesh-patel-885513844	3  
SRGN	https://soundcloud.com/user-441536083	2  
Scubasteve	https://soundcloud.com/4gsrppbjwnzy	4  
User 940472429	https://soundcloud.com/user-940472429	1 follower
MiMi JaeJn Nguy·ªÖn	https://soundcloud.com/mimi-jae-jn-nguy-n	89  
ALEX	https://soundcloud.com/alexvr46	118  
El Dizel	https://soundcloud.com/el-dizel	None
Stainesy_Ray	https://soundcloud.com/stainesy_ray	6  
EHab Bek Dawood	https://soundcloud.com/ehab-bek-dawood	5  
Eman Mohamed Ali	https://soundcloud.com/eman-mohamed-ali-883325755	3  
Pierre Gambera	https://soundcloud.com/pierre-gambera	2  
TheGhostranger8 1	https://soundcloud.com/theghostranger8-1	29  
Dennise Poma	https://soundcloud.com/dennise-poma	51  
Mohamed Elsawy	https://soundcloud.com/mohamed-elsawy-937386084	3  
Raul Rico Gomez	https://soundcloud.com/raul-rico-gomez	129  
slight.	https://soundcloud.com/slght	205  
bsnellgrove1	https://soundcloud.com/bsnellgrove1	62,889  
Erik Adams 4	https://soundcloud.com/erik-adams-3	71  
David Holliger	https://soundcloud.com/david-holliger-464458410	None
ANDREW	https://soundcloud.com/werdnazehcnas	6  
DJ KONEL	https://soundcloud.com/user4569576	10  
user530418351	https://soundcloud.com/user530418351	2  
BungledB	https://soundcloud.com/user-228398993	3  
Brian Lancry	https://soundcloud.com/brian-lancry	46  
ayat_alaswad	https://soundcloud.com/ayat_alaswad	2  
ÿ±ÿ§Ÿâ ÿ±ŸàÿßŸÜ	https://soundcloud.com/mwxi3zerbz0n	1 follower
acardona7	https://soundcloud.com/acardona7	57  
ERNESTO DJ MIXS Time)	https://soundcloud.com/ernesto-dj-mixs-2014-yeah-it-a-party-time	11  
hassaanpardesi	https://soundcloud.com/hassaanpardesi	7  
Michael Carter	https://soundcloud.com/michael-carter-787992794	11  
Eslam Mohamed	https://soundcloud.com/eslam-mohamed-392707887	9  
multitwister	https://soundcloud.com/user-706372224	61  
Touched & Inspired üëô	https://soundcloud.com/touchedninspired	1,545  
AST Records	https://soundcloud.com/aspecialthing	798,025  
Emad Eldin	https://soundcloud.com/emad-eldin-58433559	2  
Nashrulz	https://soundcloud.com/user-672593984	11  
jes√πs	https://soundcloud.com/user-747249544	1 follower
ENO	https://soundcloud.com/mohamed-anter-859003608	4  
DHA AM (Deep House London)	https://soundcloud.com/deep-house-london	164,084  
abdo elhelw	https://soundcloud.com/abdo-elhelw-716771311	2  
Djpsyche	https://soundcloud.com/djpsyche-2	24  
djgregory	https://soundcloud.com/djgregory	44,429  
User 909464046	https://soundcloud.com/user-909464046	49  
BANKS.	https://soundcloud.com/banksbanksbanks	1,017,099  
Z‚Ñ¢	https://soundcloud.com/zelgendy	501  
NUDDE	https://soundcloud.com/noud-janssen	30  
LB	https://soundcloud.com/ell_booth	7  
Chantel Jeffries	https://soundcloud.com/chanteltaleen	86,385  
Easy Star All-Stars	https://soundcloud.com/easystarallstars	2,708,278  
User 232737976	https://soundcloud.com/user-232737976	4  
anas-king-pardesi	https://soundcloud.com/anaspardesi	353  
Staelens Gregory	https://soundcloud.com/staelens-gregory	41  
djgregory	https://soundcloud.com/djgregory	44,429  
Leonardo Miasato	https://soundcloud.com/leonardo-miasato-734964020	14  
Cedric Gervais	https://soundcloud.com/cedricgervais	3,060,508  
EchoMysticTeaPrinceFlowercrownTeacup	https://soundcloud.com/user-777056442	28  
Nav Hir	https://soundcloud.com/nav-hir	22  
Patrik Nikula	https://soundcloud.com/patrik-nikula	6  
ALEX	https://soundcloud.com/alexvr46	118  
Dina Tantawy	https://soundcloud.com/dina-tantawy-720922202	15  
Thor Elias Engelstad	https://soundcloud.com/thor-elias-engelstad	11  
De_Woods	https://soundcloud.com/de_woods	48  
User 737817545	https://soundcloud.com/user-737817545	11  
„Å≤„Çç„Åç ing	https://soundcloud.com/ing-774029554	74  
Stainesy_Ray	https://soundcloud.com/stainesy_ray	6  
Sara leblue	https://soundcloud.com/sara-amarneh	83  
Djpsyche	https://soundcloud.com/djpsyche-2	24  
MarcosWitt	https://soundcloud.com/marcoswitt	9,177  
BooferMcCooter$on	https://soundcloud.com/haydenchambers	15  
koma	https://soundcloud.com/komabby	238  
Nabil Nagi	https://soundcloud.com/nabil-nagi-4	10  
Frozendragon Master	https://soundcloud.com/frozendragon-master	6  
FionaMorrisx	https://soundcloud.com/fionamorrisx	15  
wilson_9798	https://soundcloud.com/wilson_9798	15  
Bear Harrichan	https://soundcloud.com/bear-harrichan	75  
DJ Benny Rabbit	https://soundcloud.com/djbennyrabbit	19  
Mohammed Ahmed	https://soundcloud.com/mohammed-ahmed-681	32  
ELECTRONIC MUSIC	https://soundcloud.com/user947480824	11  
INKA OFFICIAL	https://soundcloud.com/kain-stromberg	215  
Diana P	https://soundcloud.com/diana-peploe	122  
El Dod	https://soundcloud.com/mahmoud-rashd-862648776	3  
K‚àûDRAGON a.k.a. KD	https://soundcloud.com/kei-ishida-836377414	17  
Gabriel Lowham	https://soundcloud.com/gabriel-lowham	22  
Jonathan Daora	https://soundcloud.com/jonathan-daora	39  
Z‚Ñ¢	https://soundcloud.com/zelgendy	501  
Manu Romero	https://soundcloud.com/user591858781	2  
Rene Kriegelsteiner	https://soundcloud.com/rene-kriegelsteiner	64  
Michael Carter	https://soundcloud.com/michael-carter-787992794	11  
e block420	https://soundcloud.com/e-block420	15  
flintdesign	https://soundcloud.com/geoff-flint	51  
Fayrouz Moh	https://soundcloud.com/fayrouz-moh	1 follower
Howaida Hossam Maaly	https://soundcloud.com/howaida-hossam-maaly	23  
KUNG FU JEDI MASTER 24	https://soundcloud.com/kungfujedimaster24	241  
User 209926817	https://soundcloud.com/snmktya5tmfo	18  
Pin L√™	https://soundcloud.com/pin-k-i	30  
esraa Kassem	https://soundcloud.com/esraa-kassem-882423419	1 follower
Scubasteve	https://soundcloud.com/4gsrppbjwnzy	4  
User 940472429	https://soundcloud.com/user-940472429	1 follower
MiMi JaeJn Nguy·ªÖn	https://soundcloud.com/mimi-jae-jn-nguy-n	89  
Neil Franklin	https://soundcloud.com/first-name-last-name-11	62  
√†7m√®d √™l7√´n√¢wy	https://soundcloud.com/ahmed-elhenawy-791354426	1 follower
ALEX	https://soundcloud.com/alexvr46	118  
El Dizel	https://soundcloud.com/el-dizel	None
The Jordan B Peterson Podcast	https://soundcloud.com/jordanpetersonpodcast	34,947  
Stainesy_Ray	https://soundcloud.com/stainesy_ray	6  
Seba	https://soundcloud.com/sebadelgado36	66  
EHab Bek Dawood	https://soundcloud.com/ehab-bek-dawood	5  
jairo sanchez	https://soundcloud.com/jairo-sanchez-51	28  
Eman Mohamed Ali	https://soundcloud.com/eman-mohamed-ali-883325755	3  
Pierre Gambera	https://soundcloud.com/pierre-gambera	2  
TheBossAce_FTW	https://soundcloud.com/user-800452868	9  
TheGhostranger8 1	https://soundcloud.com/theghostranger8-1	29  
#edm2000	https://soundcloud.com/edm2000-1	323  
Tommy Kubiski	https://soundcloud.com/tommy-kubiski	66  
Dennise Poma	https://soundcloud.com/dennise-poma	51  
Mohamed Elsawy	https://soundcloud.com/mohamed-elsawy-937386084	3  
Raul Rico Gomez	https://soundcloud.com/raul-rico-gomez	129  
HendrikTan__	https://soundcloud.com/hendrik-tan-115455871	2  
Emad Awad	https://soundcloud.com/emadmedhat	148  
„É™„Éº„Ç∞„Éª„Ç™„Éñ„Éª„É¨„Ç∏„Çß„É≥„Éâ	https://soundcloud.com/leagueoflegendsjapan	7,191  
nadesyana	https://soundcloud.com/nadesyana	130  
slight.	https://soundcloud.com/slght	205  
Alt Rock Playlists	https://soundcloud.com/altrockplaylists	291  
bsnellgrove1	https://soundcloud.com/bsnellgrove1	62,889  
Ahm√®d S√†m√¨r	https://soundcloud.com/ahm-d-s-m-r-443310855	1 follower
billymorbidpb	https://soundcloud.com/billymorbidpb	7  
Alireza soleimani	https://soundcloud.com/alireza-soleimani-142174410	3  
Joe DePietto	https://soundcloud.com/joe-depietto	55  
Sherif Shehata 8	https://soundcloud.com/sherif-shehata-9	17  
Erik Adams 4	https://soundcloud.com/erik-adams-3	71  
minkz	https://soundcloud.com/sigit-hermanto58	13  
David Holliger	https://soundcloud.com/david-holliger-464458410	None
greta.soncin	https://soundcloud.com/greta-soncin	1 follower
Sarah Lopez	https://soundcloud.com/sarahlopezofficial	735  
Felolix	https://soundcloud.com/user-938968289	5  
DjTony Tunes	https://soundcloud.com/djtony-tunes	70  
Lars Keller 1	https://soundcloud.com/lars-keller-1	12  
Camilo R Duque Duque	https://soundcloud.com/camilo-r-duque-duque	8  
HouseTechnoTrance	https://soundcloud.com/zspon	87  
maha mohamed	https://soundcloud.com/maha1455	6  
RELYKS	https://soundcloud.com/relyks-official	92  
Kevin Thach	https://soundcloud.com/kevin-thach-260203940	8  
Dani Mc	https://soundcloud.com/dani-mcfalls	27  
Eman Ebrahim	https://soundcloud.com/eman-ebrahim-559117089	5  
andrew endru	https://soundcloud.com/andrew-endru-5100404	1 follower
Dream World	https://soundcloud.com/world-dream	44  
alexrainbirdMusic	https://soundcloud.com/alexrainbirdmusic	26,157  
migz	https://soundcloud.com/user-924398326	3  
bluenoterecords	https://soundcloud.com/bluenoterecords	4,384,974  
Blanc de Noir	https://soundcloud.com/blanc_de_noir	2,118  
The Almost 30 Podcast	https://soundcloud.com/almost30podcast	2,235  
delelqui	https://soundcloud.com/delelqui	3  
user243307182	https://soundcloud.com/user243307182	None
Ninu.Kahlon	https://soundcloud.com/ninu-kahlon	57  
PÕéLÕéAÕéYÕé6ÕéOÕéIÕé	https://soundcloud.com/user-984725091	61  
user292633457	https://soundcloud.com/user292633457	1 follower
Hip Hop Supreme	https://soundcloud.com/hiphopsupreme	12,566  
User 635955948	https://soundcloud.com/user-635955948	23  
Hempsey	https://soundcloud.com/hempseyrecordings	931  
Pinky Promisers	https://soundcloud.com/pinkypromisers	980  
Hi Im Blake	https://soundcloud.com/hiimblake	778  
$uicide$sb____	https://soundcloud.com/sbsquaaaad	451  
Local Natives	https://soundcloud.com/local-natives	4,917,165  
saidahb	https://soundcloud.com/user-325680850	313  
nawty mani	https://soundcloud.com/nawty-mani-1	8  
CN	https://soundcloud.com/user-418713624	4  
KUN	https://soundcloud.com/kunxd	183,333  
Heba	https://soundcloud.com/heba-yasser-488952917	16  
HARDWELL	https://soundcloud.com/hardwell	1,923,910  
leahfradd	https://soundcloud.com/leahfradd	29  
Mohab Mohamed 10	https://soundcloud.com/mohab-mohamed-10	73  
Kylar Low	https://soundcloud.com/kylar-low	3  
Chris_Brown	https://soundcloud.com/chris_brown	6,292,536  
eevee	https://soundcloud.com/user-692461400	3,944  
Ho√†i Th∆∞∆°ng	https://soundcloud.com/ho-i-th-ng-931602621	2  
The Weeknd	https://soundcloud.com/theweeknd	6,286,949  
Chris Ba 4	https://soundcloud.com/chris-ba-6	237  
cut/copy	https://soundcloud.com/cutcopy	4,912,940  
Blue Mountain Sounds	https://soundcloud.com/blue-mountain-sounds	1,874  
Raghda El-sisi	https://soundcloud.com/raghda-el-sisi	382  
3RACHA	https://soundcloud.com/3racha	206,314  
User 797895018	https://soundcloud.com/user-797895018	3  
Mayer Hawthorne	https://soundcloud.com/mayerhawthorne	5,179,038  
sketshori	https://soundcloud.com/sketshori	748  
The Vaccines	https://soundcloud.com/the-vaccines	4,068,619  
Lin_Manuel	https://soundcloud.com/lin_manuel	26,201  
Andy Ma	https://soundcloud.com/andy-ma-16	40  
Local Natives	https://soundcloud.com/local-natives	4,917,165  
annoymouse	https://soundcloud.com/annoymouse	6,365  
Angel Manuel Gonsalez Rio	https://soundcloud.com/angel-manuel-gonsalez-del-rio	3  
Justin Bieber	https://soundcloud.com/justinbieber	1,194,393  
ELIane	https://soundcloud.com/mastulaneschama	343  
User 601309922	https://soundcloud.com/user-601309922-159542090	None
hana	https://soundcloud.com/hana-el-maria	33  
3sUP	https://soundcloud.com/3sup	6,187  
sparky	https://soundcloud.com/user399767091	113  
Kaustav Pritom Ojah	https://soundcloud.com/kaustav-pritom-ojah	7  
Diego Granero L√≥pez	https://soundcloud.com/diego-granero-l-pez	14  
Heba Mohamed	https://soundcloud.com/heba-mohamed-932975177	2  
HUNT the TRUTH	https://soundcloud.com/huntthetruth	25,485  
Mayer Hawthorne	https://soundcloud.com/mayerhawthorne	5,179,038  
emilymalacane	https://soundcloud.com/emilymalacane	248  
Local Natives	https://soundcloud.com/local-natives	4,917,165  
Chuck Taylor 9	https://soundcloud.com/chuck-taylor-14	6  
Def Jam Recordings	https://soundcloud.com/defjam	8,503,790  
Hoodie Allen	https://soundcloud.com/hoodieallenmusic	224,476  
Aldo Araujo Sa	https://soundcloud.com/aldo-araujo-sa	27  
gillespeterson	https://soundcloud.com/gillespeterson	3,551,029  
gillespeterson	https://soundcloud.com/gillespeterson	3,551,029  
Mayer Hawthorne	https://soundcloud.com/mayerhawthorne	5,179,038  
shaleecake12	https://soundcloud.com/shalee-huskin	3  
NYtoLA	https://soundcloud.com/user-47373890	19  
Josh Fletcher-jones	https://soundcloud.com/josh-fletcher-jones	2  
Kris Apted	https://soundcloud.com/kris-apted	33  
PelicansNBA	https://soundcloud.com/pelicansnba	129,502  
AltrEgo	https://soundcloud.com/altr-ego1	348  
Hypeddit.com	https://soundcloud.com/hypeddit	496,824  
Roger Anderson	https://soundcloud.com/roger-anderson-863378453	8  
arnoba	https://soundcloud.com/user-538911166	6  
zakry-aydn	https://soundcloud.com/zakry-aydn	1,633  
Hamodee Khater	https://soundcloud.com/hamodee-khater	2  
Hayam Hossny	https://soundcloud.com/tota-hossny	15  
mereluttrell	https://soundcloud.com/meredithluttrell	76  
Sarita Scott	https://soundcloud.com/sarita-scott	14  
Ayman Otb	https://soundcloud.com/ayman-otb	63  
Chris Frenchie Corneau	https://soundcloud.com/cfcorneau	80  
Hana J	https://soundcloud.com/hana-j-454389459	9  
SHD14	https://soundcloud.com/sippaa-n	None
Imrana Mubasher	https://soundcloud.com/imrana-mubasher	1 follower
gogo almoslmany	https://soundcloud.com/gogo-almoslmany	2  
DjDA	https://soundcloud.com/user-39146308	2  
user332505283	https://soundcloud.com/user332505283	5  
krisleigh711	https://soundcloud.com/user-59339777	22  
minimo	https://soundcloud.com/marvrage	157  
AST Records	https://soundcloud.com/aspecialthing	798,025  
Alexandro Rovirosa	https://soundcloud.com/alexandro-rovirosa	None
Bruno Merz	https://soundcloud.com/brunomerz	743,665  
Vicky Louise	https://soundcloud.com/vicky-louise-251750795	4  
Derek Van Diest	https://soundcloud.com/derekvandiest	595  
Larissa May	https://soundcloud.com/larissa-may-397664247	14  
Luke Hinde	https://soundcloud.com/luke-hinde	390  
Mattscupofjoe	https://soundcloud.com/mattscupofjoe	91  
el stino records	https://soundcloud.com/el-stino-records	37  
David Ignacio Rosas Ortiz	https://soundcloud.com/david-ignacio-rosas-ortiz	32  
Martin Suneb√§ck	https://soundcloud.com/user-513504458	110  
DJ SLYY	https://soundcloud.com/djslyy2013	154  
Motown Records	https://soundcloud.com/motownrecords	312,093  
supercafone@gmx.net	https://soundcloud.com/davide-gisondi	65  
Motown Records	https://soundcloud.com/motownrecords	312,093  
Motown Records	https://soundcloud.com/motownrecords	312,093  
Mario Ibarra 17	https://soundcloud.com/mario-ibarra-23	1 follower
Ben JJ	https://soundcloud.com/ben_jj	126  
Dave Strider	https://soundcloud.com/dave-strider-56	196  
MMason	https://soundcloud.com/user-589309976	6  
Heather Anne Jordan	https://soundcloud.com/heather-anne-jordan	2  
1hugheyduey	https://soundcloud.com/1hugheyduey	96  
üî•üî• Hip Hop Xclusive üî•üî•	https://soundcloud.com/hiphopxclusive	51,463  
User 748482021	https://soundcloud.com/user-748482021	3  
Hafsa Yassien	https://soundcloud.com/hafsa-yassien	2  
User 907742611	https://soundcloud.com/5huzzhmqxzc9	5  
User 457747898	https://soundcloud.com/user-457747898	2  
TheSpaceLord	https://soundcloud.com/thespacelord	278  
Mohamed Habib Shaikh	https://soundcloud.com/mohamed-habib-mastan-shaikh	5  
clairebosley	https://soundcloud.com/user-342213246	2  
Ann Shumilina	https://soundcloud.com/ann-shumilina	76  
Wulan Lan	https://soundcloud.com/wulan-lan-980497761	3  
Manchester Orchestra	https://soundcloud.com/manchesterorchestra	1,341,593  
Claire Bosley	https://soundcloud.com/claire-bosley-373642793	1 follower
BleedingFingersMusic	https://soundcloud.com/bleeding-fingers	4,675  
User 621561191	https://soundcloud.com/user-621561191	7  
Rustee	https://soundcloud.com/reetsbeats	109  
Ze Vang	https://soundcloud.com/ze-vang	48  
Gabrielle Aplin	https://soundcloud.com/gabrielle-aplin	1,920,030  
User 363479926	https://soundcloud.com/y0jmlfbgaxa0	61  
Hamdey M Taha	https://soundcloud.com/hamdey-m-taha	5  
Hanan Mahmoud	https://soundcloud.com/hanan-mahmoud-818711302	5  
Adam Louiseize 1	https://soundcloud.com/adam-louiseize-1	8  
Hadeer Sakr	https://soundcloud.com/hadeer-sakr-925421077	39  
Mrs.Browncutie	https://soundcloud.com/user57863850	58  
ÿπŸÖÿ±Ÿà	https://soundcloud.com/evbeqou72wzb	3  
huda	https://soundcloud.com/huda-yahia-907369436	None
user5486373	https://soundcloud.com/user5486373	110  
marco pieri	https://soundcloud.com/marcop01	48  
Thomas F	https://soundcloud.com/laynidd	51  
Dumisang Mothopeng	https://soundcloud.com/dumisang-mothopeng	2  
TheHitsRadio	https://soundcloud.com/thehitsradio	350,663  
Bas Bouwer	https://soundcloud.com/bas-bouwer	125  
Iavor Panev	https://soundcloud.com/iavor-panev	134  
Valentin Bello	https://soundcloud.com/valentin-bello-1	40  
harpzzz	https://soundcloud.com/harp2528	63  
Dr Ahmed Hamdy	https://soundcloud.com/dr-ahmed-hamdy	88  
ebrahim	https://soundcloud.com/hema-eshra	3  
noodlzzzz	https://soundcloud.com/noodlzzzz	102  
Mstaymackin	https://soundcloud.com/mstaymackin	52  
Hamza Bacha	https://soundcloud.com/hamza-bacha-791365331	5  
Derrick Bowman	https://soundcloud.com/derrick-bowman-6	8  
an	https://soundcloud.com/hoang-an-587721171	11  
Chibidibi	https://soundcloud.com/chibidibi	38  
London Grammar	https://soundcloud.com/londongrammar	480,739  
98	https://soundcloud.com/jack-rylatt	109  
Sara K	https://soundcloud.com/sara-k-69554873	1,015  
renzo	https://soundcloud.com/user-877150920	8  
Hala A. Soliman	https://soundcloud.com/hala-a-soliman	6  
CallumMcCue72	https://soundcloud.com/user-83376995	35  
We_Are_Vibez	https://soundcloud.com/jpb_fit	43  
Henry Taylor	https://soundcloud.com/henry-taylor-888211986	6  
Ahmed Al-Hawary	https://soundcloud.com/ahmed-al-hawary-693931395	8  
Hamada Accent Ahmed	https://soundcloud.com/hamada-accent-ahmed	9  
Control Forever	https://soundcloud.com/control_radio	5,619  
Hassan A. Khalil	https://soundcloud.com/hassan-a-khalil-187038725	3  
holly elfar	https://soundcloud.com/holly-elfar	19  
Flosstradamus	https://soundcloud.com/flosstradamus	5,882,321  
Justin	https://soundcloud.com/user-140083443	31  
Matt Cella	https://soundcloud.com/matt-cella-712318747	9  
Habeba amr	https://soundcloud.com/habeba-amr-80010437	2  
User 34569444	https://soundcloud.com/user-34569444	1 follower
ŸÖÿ≠	https://soundcloud.com/mahmoud-ho-de	1 follower
Alfonso Oli	https://soundcloud.com/alfonso-oli	11  
abeer	https://soundcloud.com/user-277182465	5  
Betel Nubes	https://soundcloud.com/betel-nubes	97  
Nour Elhawary	https://soundcloud.com/nour-elhawary	18  
Benjamin Schlumbrecht	https://soundcloud.com/benjamin-tanner-129612644	6  
moonjin_x	https://soundcloud.com/valeria-caballero-827667983	231  
Amr Momtaz Ahmed	https://soundcloud.com/amr-honda-93955203	8  
MadFry	https://soundcloud.com/maddiefry5	269  
Free Music for Vlogs	https://soundcloud.com/freemusicforvlogs	177,935  
Vali	https://soundcloud.com/user-160737852	75  
Saurabh Singal	https://soundcloud.com/saurabh-singal	7  
Hoodie Allen	https://soundcloud.com/hoodieallenmusic	224,476  
Flosstradamus	https://soundcloud.com/flosstradamus	5,882,321  
lalronald	https://soundcloud.com/lalronald	152  
Matt Cella	https://soundcloud.com/matt-cella-712318747	9  
vanny4002	https://soundcloud.com/vanny4002	95  
Vibrations: Global Rhythm	https://soundcloud.com/soundcloud-vibrations	7,774  
Ryan O'Donnell	https://soundcloud.com/ryanod21	109  
jay rivera	https://soundcloud.com/jay-rivera-776360918	6  
Mstaymackin	https://soundcloud.com/mstaymackin	52  
Hamza Bacha	https://soundcloud.com/hamza-bacha-791365331	5  
Derrick Bowman	https://soundcloud.com/derrick-bowman-6	8  
Hitesh Kishnani 1	https://soundcloud.com/hitesh-kishnani-1	8  
Ibrahim Shankl	https://soundcloud.com/ibrahim-shankl	5  
KingOfDeep	https://soundcloud.com/rincefeep	32  
Diego Ale	https://soundcloud.com/diego-ale-720288072	1 follower
Michael Grayson	https://soundcloud.com/user-543724974	None
yoka_ali96	https://soundcloud.com/yoka_ali96	14  
Primitive	https://soundcloud.com/dnbsludge	154  
User 8618132	https://soundcloud.com/user-8618132	7  
Robert Villarreal	https://soundcloud.com/robert-villarreal	33  
URL.	https://soundcloud.com/deception-url	1,082  
Iswaypie2 Production‚Äù	https://soundcloud.com/iswaypie2-production-iswaypie2-production	77  
alsaudihamada	https://soundcloud.com/alsaudihamada	10  
Jtronforce	https://soundcloud.com/jtronforce	5  
Jason Taiwo	https://soundcloud.com/jason-taiwo	67  
Sharpy	https://soundcloud.com/sharpy-82380677	34  
Holly Freundlich	https://soundcloud.com/holly-freundlich-395329045	1 follower
bazooka	https://soundcloud.com/ahmed-hamed-bazooka	112  
KingOfDeep	https://soundcloud.com/rincefeep	32  
49music	https://soundcloud.com/49music	33  
Mad Decent	https://soundcloud.com/maddecent	6,015,108  
seanjohnson9	https://soundcloud.com/seanjohnson9	48  
Habiba Mohammed	https://soundcloud.com/habiba-mohammed-594074461	1 follower
David Ignacio Rosas Ortiz	https://soundcloud.com/david-ignacio-rosas-ortiz	32  
Hypeddit.com	https://soundcloud.com/hypeddit	496,824  
thegreen	https://soundcloud.com/thegreen	24,559  
DJ Hyp3D	https://soundcloud.com/user-986524610	1 follower
Roger Anderson	https://soundcloud.com/roger-anderson-863378453	8  
In the Mix	https://soundcloud.com/inthemix	2,162  
Isis Mitchell	https://soundcloud.com/isis-mitchell-96213115	3  
Thex	https://soundcloud.com/user-204922526	1 follower
Agamidae	https://soundcloud.com/agamidae	11,335  
user304187064	https://soundcloud.com/user304187064	5  
S√úNG√ñD	https://soundcloud.com/underthesungod	75  
Ingy Abdallah	https://soundcloud.com/ingy-abdallah-905758585	4  
Emmanuel Piolet	https://soundcloud.com/emmanuel-piolet-562536338	41  
Arief	https://soundcloud.com/harede-71771417	2  
theartistunion.com	https://soundcloud.com/theartistunion	2,905,715  
Muhammad Putra	https://soundcloud.com/muhammad-putra-1929094	5  
Ted Sobel	https://soundcloud.com/susatedsobel	123,404  
Blue Mountain Sounds	https://soundcloud.com/blue-mountain-sounds	1,874  
gillespeterson	https://soundcloud.com/gillespeterson	3,551,029  
AShamaluevMusic	https://soundcloud.com/ashamaluevmusic	37,229  
JACOB LASKER	https://soundcloud.com/jacoblasker	1,197  
User 26285401	https://soundcloud.com/user-26285401	10  
·ñ∞ ·ñ≥	https://soundcloud.com/031228	649  
Silent Zen Support	https://soundcloud.com/silent-zen-support	721  
Dualtone	https://soundcloud.com/dualtone	3,479,263  
Muhammad Putra	https://soundcloud.com/muhammad-putra-1929094	5  
Ted Sobel	https://soundcloud.com/susatedsobel	123,404  
Blue Mountain Sounds	https://soundcloud.com/blue-mountain-sounds	1,874  
ilham	https://soundcloud.com/ilham_official	10,872  
ilham	https://soundcloud.com/ilham_official	10,872  
gillespeterson	https://soundcloud.com/gillespeterson	3,551,029  
Kehlani	https://soundcloud.com/kehlanimusic	726,615  
JACOB LASKER	https://soundcloud.com/jacoblasker	1,197  
Fall Out Boy	https://soundcloud.com/falloutboy	4,588,822  
User 26285401	https://soundcloud.com/user-26285401	10  
GODKINGASH	https://soundcloud.com/ashford-rich	4  
All Things Trap	https://soundcloud.com/blake-robyn	180  
·ñ∞ ·ñ≥	https://soundcloud.com/031228	649  
Sammy Porter	https://soundcloud.com/iamsammyporter	141,795  
IAMNOBODI	https://soundcloud.com/iamnobodi	118,296  
lil tay tay	https://soundcloud.com/user-154880860-159970658	208  
P+P Media.	https://soundcloud.com/paperandplastick	2,583,182  
Innervisions	https://soundcloud.com/innervisions	229,866  
Silent Zen Support	https://soundcloud.com/silent-zen-support	721  
TrillaDoms	https://soundcloud.com/trilla_doms	268  
BrarSukhpreetKaur	https://soundcloud.com/brar-sukhpreet	250  
Free Music for Vlogs	https://soundcloud.com/freemusicforvlogs	177,935  
Zoe Titmus	https://soundcloud.com/zoe-titmus	358  
BULK RECORDINGS	https://soundcloud.com/bulk-recordings	446,826  
darcybrown	https://soundcloud.com/darcybrownmusic	43  
Delcia Pedroso	https://soundcloud.com/delcia-pedroso	2  
Hossam sarhan	https://soundcloud.com/hossam-sarhan	809  
extxsis	https://soundcloud.com/extxsis	13  
Olga DƒÉnilƒÉ	https://soundcloud.com/olga-purple	29  
Hema Mohamed	https://soundcloud.com/hema-mohamed-6	64  
garethevans.co	https://soundcloud.com/itsallaboutgareth	97  
Hootgun	https://soundcloud.com/hootgun	105  
Troy l 1	https://soundcloud.com/troy-l-3	3  
Hesham Gamal	https://soundcloud.com/hesham-gamal-900775278	None
Gui Santos	https://soundcloud.com/guilherme-silva-909853802	None
Iggy Azalea Official	https://soundcloud.com/iggy-azalea-official	1,196,528  
jack	https://soundcloud.com/jackconway1	4  
J A W M E H S ü§ô‚ö°	https://soundcloud.com/user-304084957	36  
RogerRabbit Johnsrud	https://soundcloud.com/rogerrabbitj	14  
Natalie Velazquez	https://soundcloud.com/natalie-velazquez-726617253	4  
Troy l 1	https://soundcloud.com/troy-l-3	3  
Hesham Gamal	https://soundcloud.com/hesham-gamal-900775278	None
Gui Santos	https://soundcloud.com/guilherme-silva-909853802	None
Iggy Azalea Official	https://soundcloud.com/iggy-azalea-official	1,196,528  
J A W M E H S ü§ô‚ö°	https://soundcloud.com/user-304084957	36  
RogerRabbit Johnsrud	https://soundcloud.com/rogerrabbitj	14  
Natalie Velazquez	https://soundcloud.com/natalie-velazquez-726617253	4  
User 780670607	https://soundcloud.com/user-780670607	32  
ŸÜŸàÿ±	https://soundcloud.com/noura-emad-675898393	2  
Lukas Guttmann	https://soundcloud.com/lukas-guttmann-422083890	9  
TuCev	https://soundcloud.com/tucev-1	45  
Lukas Guttmann	https://soundcloud.com/lukas-guttmann-422083890	9  
Mark Certified	https://soundcloud.com/markcertified	29,811  
anisapuscat	https://soundcloud.com/user-406887526	133  
Seb Ro$e	https://soundcloud.com/sebastian-6942047	3  
Mac m	https://soundcloud.com/macmachmo	70  
Isaac.	https://soundcloud.com/isaac-24	59  
SUNY Labs	https://soundcloud.com/suny-labs	9  
Sergey1147 Godfather	https://soundcloud.com/sergey1147-godfather	13  
G-C-G	https://soundcloud.com/gerome-campillo-garc-a	254  
Olafur Arnalds	https://soundcloud.com/olafur-arnalds	2,010,772  
BULK RECORDINGS	https://soundcloud.com/bulk-recordings	446,826  
Free Music for Vlogs	https://soundcloud.com/freemusicforvlogs	177,935  
Zoe Titmus	https://soundcloud.com/zoe-titmus	358  
AShamaluevMusic	https://soundcloud.com/ashamaluevmusic	37,230  
darcybrown	https://soundcloud.com/darcybrownmusic	43  
YoungMoneyDotCom	https://soundcloud.com/youngmoneydotcom	54,601  
Delcia Pedroso	https://soundcloud.com/delcia-pedroso	2  
user620608162	https://soundcloud.com/user620608162	4  
Islam R Saleh	https://soundcloud.com/islam-r-saleh	7  
TK Boyce	https://soundcloud.com/tk-boyce	18  
Hossam sarhan	https://soundcloud.com/hossam-sarhan	809  
extxsis	https://soundcloud.com/extxsis	13  
Language Transfer	https://soundcloud.com/languagetransfer	14,753  
Nick Ezenwabachili	https://soundcloud.com/nick-ezenwabachili	10  
highvain	https://soundcloud.com/user-361292011	3  
Olga DƒÉnilƒÉ	https://soundcloud.com/olga-purple	29  
Hema Mohamed	https://soundcloud.com/hema-mohamed-6	64  
garethevans.co	https://soundcloud.com/itsallaboutgareth	97  
Hootgun	https://soundcloud.com/hootgun	105  
Mac m	https://soundcloud.com/macmachmo	70  
TrailerSpark	https://soundcloud.com/sparkyphotography-net	83  
GraXx	https://soundcloud.com/graxx-124892940	8  
GraXx	https://soundcloud.com/graxx-124892940	8  
Asmaa j	https://soundcloud.com/asmaaj	10  
IMOGNOTRETRO	https://soundcloud.com/imognotretro	138  
claisy	https://soundcloud.com/claisy	21  
J.A-	https://soundcloud.com/josh-abz	7  
ukiah	https://soundcloud.com/ukiahmusic	167  
Sief Elhefnawy	https://soundcloud.com/sief-elhefnawy	4  
B√¢ ƒê√£ W√ø	https://soundcloud.com/b-w-403950722	9  
Mike WiLL Made-It	https://soundcloud.com/mikewillmadeit	209,707  
Mac m	https://soundcloud.com/macmachmo	70  
Universo_Indie	https://soundcloud.com/universoindie	181  
Caf√© Filipi	https://soundcloud.com/filip-grygera	83  
User 781695803	https://soundcloud.com/user-781695803	15  
AST Records	https://soundcloud.com/aspecialthing	798,025  
AST Records	https://soundcloud.com/aspecialthing	798,025  
Michell Gil	https://soundcloud.com/michell-gil-133068621	2  
acc	https://soundcloud.com/akjsbgjkabsgkjabsgkjbasg	4  
Achmad Wahyu	https://soundcloud.com/achmad-wahyu-912091640	6  
etrigan85	https://soundcloud.com/stewart-weir-939256193	10  
khaled Elyamani	https://soundcloud.com/kh-ly-m-i	None
Century Media Records	https://soundcloud.com/centurymedia	3,147,003  
Musikmanny	https://soundcloud.com/user-963385644	21  
Rahmad Rahayuda	https://soundcloud.com/rahmad-rahayuda	2  
Charles Jordan 11	https://soundcloud.com/charles-jordan-15	11  
LC Curry	https://soundcloud.com/lc-curry	3  
Harry Sorry	https://soundcloud.com/user-68778739	6,941  
i_am_franco	https://soundcloud.com/i_am_franco	133  
Rod Wave	https://soundcloud.com/rodwave	633,973  
Alfani Mahesa Putra	https://soundcloud.com/alfani-mahesa-putra	2  
Esraa Mansour	https://soundcloud.com/esraa-mansour-712980436	4  
User 97	https://soundcloud.com/user-972108048	19  
Sade	https://soundcloud.com/user-698598028	127  
Wilfredo Lainez	https://soundcloud.com/wilfredo-lainez-903961288	2  
Lukas Guttmann	https://soundcloud.com/lukas-guttmann-422083890	9  
Steve Cavanagh	https://soundcloud.com/steve-cavanagh	6  
dj snax	https://soundcloud.com/dj-snax	106  
Lukas Guttmann	https://soundcloud.com/lukas-guttmann-422083890	9  
Nermeen Aljabi	https://soundcloud.com/nermeen-aljabi	13  
Ian De La Rosa	https://soundcloud.com/user-159482901	5  
Midwest_Red	https://soundcloud.com/midwest_red	19  
NUDDE	https://soundcloud.com/noud-janssen	30  
dj snax	https://soundcloud.com/dj-snax	106  
Isaiah Parrish	https://soundcloud.com/isaiah-parrish-194350424	17  
DJ Quervo	https://soundcloud.com/jose-finn-944093149	1 follower
Alok	https://soundcloud.com/livealok	604,053  
[ BOOST ]	https://soundcloud.com/ruboost	38,040  
Ira Luli	https://soundcloud.com/ira-luli	4  
Zayland	https://soundcloud.com/isaiah-mallett-443992126	27  
Samplar	https://soundcloud.com/samplar	24,907  
damion tatum	https://soundcloud.com/damion-tatum	65  
user42069	https://soundcloud.com/user-341791664	9  
tafa	https://soundcloud.com/tara-anwarr	11  
AST Records	https://soundcloud.com/aspecialthing	798,025  
imanawan	https://soundcloud.com/imanawan	29  
Anacarolina Luna	https://soundcloud.com/anacarolina-luna	2  
Indah Rahmana Putri	https://soundcloud.com/indah-rahmana-putri	4  
Dillon Taylor	https://soundcloud.com/dillon-taylor-28	18  
sam gellaitry	https://soundcloud.com/samgellaitry	195,350  
DJ Phantastik	https://soundcloud.com/user-119201348	2  
TrailerSpark	https://soundcloud.com/sparkyphotography-net	83  
GraXx	https://soundcloud.com/graxx-124892940	8  
GraXx	https://soundcloud.com/graxx-124892940	8  
Asmaa j	https://soundcloud.com/asmaaj	10  
claisy	https://soundcloud.com/claisy	21  
IMOGNOTRETRO	https://soundcloud.com/imognotretro	138  
J.A-	https://soundcloud.com/josh-abz	7  
J.A-	https://soundcloud.com/josh-abz	7  
Jeremy Bassbyn	https://soundcloud.com/matt-dove-804606522	14  
User 498263388	https://soundcloud.com/user-498263388	4  
jennynynyny	https://soundcloud.com/user-582876517	7  
Sief Elhefnawy	https://soundcloud.com/sief-elhefnawy	4  
Chris Greenwell	https://soundcloud.com/christopher-greenwell-1	8  
B√¢ ƒê√£ W√ø	https://soundcloud.com/b-w-403950722	9  
Gui Santos	https://soundcloud.com/guilherme-silva-909853802	None
Mike WiLL Made-It	https://soundcloud.com/mikewillmadeit	209,707  
Islam Yousef 9	https://soundcloud.com/islam-yousef-12	5  
Mac m	https://soundcloud.com/macmachmo	70  
Ahmd Abd AlsAdk	https://soundcloud.com/ahmd-abd-alsadk	35  
MEKA	https://soundcloud.com/meka-off	509  
user161462638	https://soundcloud.com/user161462638	6  
Irum SK	https://soundcloud.com/irum-sk	2  
jonsuxx	https://soundcloud.com/jonsuxx	76  
User 58622928	https://soundcloud.com/user-58622928	3  
DJ Mikey	https://soundcloud.com/user-394444112	16  
starman_sam	https://soundcloud.com/user-897982542	15  
Gant Zky	https://soundcloud.com/gant-zky	221  
e5done	https://soundcloud.com/user-862715462	4  
user954636599	https://soundcloud.com/user954636599	3  
Bedroomtrap‚Ñ¢	https://soundcloud.com/bedroomtrap	40,319  
Melon Sound	https://soundcloud.com/melonsound	8,728  
THE BOYZ	https://soundcloud.com/official_theboyz	114,454  
Knife Party	https://soundcloud.com/knifepartyinc	782,062  
User 671010104	https://soundcloud.com/user-671010104	None
User 349244966	https://soundcloud.com/user-349244966	None
Knife Party	https://soundcloud.com/knifepartyinc	782,062  
Krewella	https://soundcloud.com/krewella	3,962,781  
Kavinsky	https://soundcloud.com/deadcruiser	778,658  
Sama Ali	https://soundcloud.com/saema-ali	11  
Kavinsky	https://soundcloud.com/deadcruiser	778,658  
Knife Party	https://soundcloud.com/knifepartyinc	782,062  
Alireza Alikhani	https://soundcloud.com/alireza-alikhani-337219136	None
swerv	https://soundcloud.com/user-61365962	3  
Murda Beatz	https://soundcloud.com/murdabeatz9	144,938  
leonora_18	https://soundcloud.com/leonora_18	None
EriiKHAm‚ÄôS	https://soundcloud.com/eriikhams	82  
ROSES HQ	https://soundcloud.com/roseshq	461  
Machiseo.com - KODHIT	https://soundcloud.com/koreanonair	2,879  
Kavinsky	https://soundcloud.com/deadcruiser	778,658  
Knife Party	https://soundcloud.com/knifepartyinc	782,062  
theartistunion.com	https://soundcloud.com/theartistunion	2,905,714  
Kavinsky	https://soundcloud.com/deadcruiser	778,658  
Makalya Martian	https://soundcloud.com/makalya-martian	1 follower
Bilqis Rizqiyatu nahari	https://soundcloud.com/bilqis-rizqiyatu-nahari	31  
User 732384485	https://soundcloud.com/user-732384485	2  
Overmod	https://soundcloud.com/user-55916298	2  
Kavinsky	https://soundcloud.com/deadcruiser	778,658  
Moments	https://soundcloud.com/playlist	20,369  
Ckimbrough	https://soundcloud.com/carol-kimbrough-204574202	1 follower
Def Jam Recordings	https://soundcloud.com/defjam	8,503,790  
Katch 22	https://soundcloud.com/katch22dnb	118  
Kill The Noise	https://soundcloud.com/killthenoise	3,697,577  
Sammy Porter	https://soundcloud.com/iamsammyporter	141,794  
FormationRecordsUK	https://soundcloud.com/formationrecords	14,120  
Def Jam Recordings	https://soundcloud.com/defjam	8,503,790  
PRO ERA RECORDS.	https://soundcloud.com/proeraradio	1,801,094  
Kate Hughes	https://soundcloud.com/kate-hughes-26	26  
mikhaela	https://soundcloud.com/user-376321823	64  
- lonely tears -	https://soundcloud.com/lonely-tears-926376763	4  
Kirsty Paterson	https://soundcloud.com/kirsty-paterson-610182457	3  
Ashraf El Khwaga	https://soundcloud.com/ashraf-el-khwaga	1 follower
Kasper Amr	https://soundcloud.com/kasper-amr	10  
Kareem Fox	https://soundcloud.com/kareem-fox-351881649	4  
ahmed kamal	https://soundcloud.com/ahmed-kamal-828460921	3  
jette_z	https://soundcloud.com/jette_z	23  
Kia Sinclair	https://soundcloud.com/iainclair	8  
passant khiree	https://soundcloud.com/basant-mohamed-ahmed	1,407  
De'gus	https://soundcloud.com/degus-346289616	2  
Khalid Rawi	https://soundcloud.com/user-693295339-1	5  
Nick Haquer	https://soundcloud.com/nick-haquer	2  
Tyrell Robinson	https://soundcloud.com/tyrellrobinson	16  
BARASUARA	https://soundcloud.com/barasuara	10,441  
Israel Mendoza 22	https://soundcloud.com/israel-mendoza-18	17  
mai_z	https://soundcloud.com/mai_z	16  
Muhamed Hisham	https://soundcloud.com/m-m-h-sh-m	65  
koki_14	https://soundcloud.com/koki_14	3  
gullsbymansion	https://soundcloud.com/gullsbymansion	177  
nour ashraf	https://soundcloud.com/nourashraff	5  
user6785951	https://soundcloud.com/user6785951	10  
Ha Tem	https://soundcloud.com/ha-tem-146936594	None
User 107747400	https://soundcloud.com/user-107747400	2  
JoHnNyFaTaL	https://soundcloud.com/user-662691902	None
Kori Leigh	https://soundcloud.com/kori-leigh-915996749	4  
Kyle Cease: Kyle's Cult	https://soundcloud.com/kyle-cease-kyles-cult	107,140  
Gogy Go	https://soundcloud.com/gogy-go	8  
Karim Zaghloul	https://soundcloud.com/karim-zaghloul-401123096	1 follower
Keyshawn J Wanza Moreland	https://soundcloud.com/keyshawn-j-wanza-moreland	12  
kylieminogue	https://soundcloud.com/kylieminogue	5,486  
Garrison Kadner	https://soundcloud.com/garrison-kadner	3  
Ahmed Hany 82	https://soundcloud.com/ahmed-hany-86	56  
khaled hamdy 19	https://soundcloud.com/khaled-hamdy-21	None
Tanah Sae-yang	https://soundcloud.com/tanah-sae-yang	467  
Ibra Kadabra	https://soundcloud.com/ibra-kadabra-885137136	1 follower
aysehizal	https://soundcloud.com/aysehizal	4  
Karem Abden	https://soundcloud.com/karem-abden	15  
User 467477157	https://soundcloud.com/user-467477157	3  
Antounious	https://soundcloud.com/t-n-sh-kl	8  
Kotb Ashtray	https://soundcloud.com/kotb-ashtray	9  
Krewella	https://soundcloud.com/krewella	3,962,779  
- lonely tears -	https://soundcloud.com/lonely-tears-926376763	4  
Kvin S Crdona	https://soundcloud.com/kvin-s-crdona	1 follower
RAIN PERFECT WUV	https://soundcloud.com/user-873460932	60  
Overmod	https://soundcloud.com/user-55916298	2  
Kirsty Paterson	https://soundcloud.com/kirsty-paterson-610182457	3  
meee	https://soundcloud.com/user-807321886	1 follower
Ashraf El Khwaga	https://soundcloud.com/ashraf-el-khwaga	1 follower
Gehad Wagdy	https://soundcloud.com/gehad-wagdy-567995252	1 follower
yoseef	https://soundcloud.com/ahmed-elshatlawy-108345011	2  
Kasteloo Abo El Souod	https://soundcloud.com/kasteloo-abo-el-souod	None
Kasper Amr	https://soundcloud.com/kasper-amr	10  
ahmed kamal	https://soundcloud.com/ahmed-kamal-828460921	3  
Kareem Fox	https://soundcloud.com/kareem-fox-351881649	4  
Kia Sinclair	https://soundcloud.com/iainclair	8  
jette_z	https://soundcloud.com/jette_z	23  
User 898103568	https://soundcloud.com/r7svdfncn3bs	None
passant khiree	https://soundcloud.com/basant-mohamed-ahmed	1,407  
De'gus	https://soundcloud.com/degus-346289616	2  
Mee Ra	https://soundcloud.com/mee-ra-684432434	7  
Emad Sadek	https://soundcloud.com/emad-sadek-575288506	1 follower
Koky Ahmed	https://soundcloud.com/koky-ahmed-261211263	1 follower
Kh√£≈Ç√∏√∏d Hƒô≈Çf√£w√≠	https://soundcloud.com/kh-d-h-f-w	5  
Khalid Rawi	https://soundcloud.com/user-693295339-1	5  
Nick Haquer	https://soundcloud.com/nick-haquer	2  
Shaun Browne	https://soundcloud.com/shaun-browne-192414417	2  
Ahmed Khedr 3	https://soundcloud.com/ahmed-khedr-3	29  
Bob Terbo	https://soundcloud.com/bob-terbo	3  
Ketut Sariani	https://soundcloud.com/ketut-sariani-248772648	2  
Tyrell Robinson	https://soundcloud.com/tyrellrobinson	16  
BARASUARA	https://soundcloud.com/barasuara	10,441  
mai_z	https://soundcloud.com/mai_z	16  
Israel Mendoza 22	https://soundcloud.com/israel-mendoza-18	17  
User 139703598	https://soundcloud.com/user-139703598	1 follower
ade triadinata	https://soundcloud.com/ade-triadinata	None
Muhamed Hisham	https://soundcloud.com/m-m-h-sh-m	65  
koki_14	https://soundcloud.com/koki_14	3  
gullsbymansion	https://soundcloud.com/gullsbymansion	177  
nour ashraf	https://soundcloud.com/nourashraff	5  
Lamya Mohamad Ali Masoud	https://soundcloud.com/lamya-mohamad-ali-masoud	4  
Lamya Mohamad Ali Masoud	https://soundcloud.com/lamya-mohamad-ali-masoud	4  
Overmod	https://soundcloud.com/user-55916298	2  
Florida Rap Central	https://soundcloud.com/flroida_rap_central	76,778  
kimo	https://soundcloud.com/user507297214	None
odettezinc	https://soundcloud.com/user708028927	6  
Kim Sherlock	https://soundcloud.com/kim-sherlock	57  
Mark Mina	https://soundcloud.com/mark-mina-277363737	2  
UMG Classics & Jazz	https://soundcloud.com/classicsandjazz	3,029,416  
User 505266000	https://soundcloud.com/user-505266000	None
User 936453166	https://soundcloud.com/3j0m9dsmoahf	1 follower
Muhannad zohhdy	https://soundcloud.com/mohaned-mohsen-181796878	6  
Kal Banx	https://soundcloud.com/kalbanx	2,906  
User 999972653	https://soundcloud.com/user-999972653	1 follower
Karim Abdelalim	https://soundcloud.com/karim-abdelalim-665860572	2  
[ BOOST ]	https://soundcloud.com/ruboost	38,040  
Madonna Sami Beshara	https://soundcloud.com/madonna-sami-beshara	114  
Hatem Samy 1	https://soundcloud.com/hatem-samy-1	52  
The World's Worst Children 3	https://soundcloud.com/worlds-worst-children-3	9,549  
Kenny Palma	https://soundcloud.com/kenny-palma	69  
Kevin Metcalf 5	https://soundcloud.com/kevin-metcalf-5	32  
Kholoud Atia	https://soundcloud.com/kholoud-atia-528174734	8  
kwe_2	https://soundcloud.com/kwe_2	6  
Nada Hegazi	https://soundcloud.com/user-540357088	8  
ashleysearcy	https://soundcloud.com/mamasearcy	4  
user6785951	https://soundcloud.com/user6785951	10  
Ha Tem	https://soundcloud.com/ha-tem-146936594	None
Kholoud Atia	https://soundcloud.com/kholoud-atia-528174734	8  
User 107747400	https://soundcloud.com/user-107747400	2  
JoHnNyFaTaL	https://soundcloud.com/user-662691902	None
Clifford Sneed	https://soundcloud.com/clifford-sneed	2  
no name	https://soundcloud.com/kaylem-chotard-377537890	15  
ŸÖÿ≠ŸÖÿØ ÿπÿ®ÿØ ÿßŸÑŸÑŸá	https://soundcloud.com/user-392709743	None
Kholoud R. BaYuomi	https://soundcloud.com/kh-kha-r-bay-omi	3  
Kori Leigh	https://soundcloud.com/kori-leigh-915996749	4  
Kyle Cease: Kyle's Cult	https://soundcloud.com/kyle-cease-kyles-cult	107,140  
nooralane	https://soundcloud.com/noor-syed15	147  
Kaskade	https://soundcloud.com/kaskade	1,480,433  
may myot moe	https://soundcloud.com/maymyot-moe	35  
Gogy Go	https://soundcloud.com/gogy-go	8  
K.williams	https://soundcloud.com/user-224327985	1 follower
Karim Zaghloul	https://soundcloud.com/karim-zaghloul-401123096	1 follower
kylieminogue	https://soundcloud.com/kylieminogue	5,486  
RAIN PERFECT WUV	https://soundcloud.com/user-873460932	60  
Garrison Kadner	https://soundcloud.com/garrison-kadner	3  
Ahmed Hany 82	https://soundcloud.com/ahmed-hany-86	56  
khaled hamdy 19	https://soundcloud.com/khaled-hamdy-21	None
kholoud	https://soundcloud.com/kholoud-badr-956837045	None
Tanah Sae-yang	https://soundcloud.com/tanah-sae-yang	467  
Ibra Kadabra	https://soundcloud.com/ibra-kadabra-885137136	1 follower
aysehizal	https://soundcloud.com/aysehizal	4  
plursh	https://soundcloud.com/martin-mines	277  
user293209142	https://soundcloud.com/user293209142	32  
Karem Abden	https://soundcloud.com/karem-abden	15  
User 467477157	https://soundcloud.com/user-467477157	3  
Donovan Boyd	https://soundcloud.com/donovan-boyd2	255  
User 821530123	https://soundcloud.com/user-821530123	5  
Mos T Afa	https://soundcloud.com/mos-t-afa-725893553	33  
Ho√†ng Th√°i Lu√¢n	https://soundcloud.com/hoang-thai-luan	10  
Mahmoud Sabre	https://soundcloud.com/mahmoud-sabre-690920674	5  
Antounious	https://soundcloud.com/t-n-sh-kl	8  
Emotions Lalaa	https://soundcloud.com/emotions-lalaa	4  
vassilijuke7	https://soundcloud.com/vassilijuke7	65  
Overmod	https://soundcloud.com/user-55916298	2  
dubstepfan2016	https://soundcloud.com/user-491600005	7  
Stefan se drops...	https://soundcloud.com/user559729179	11  
KalaniRecords	https://soundcloud.com/user-266113479	21  
Jonkevia Allison	https://soundcloud.com/jonkevia-allison	2  
user847834139	https://soundcloud.com/user847834139	8  
Jamar Howard	https://soundcloud.com/jamar-howard-3	10  
_	https://soundcloud.com/4dx	267  
